url,title,query,search_position,scraped_at
https://vimeo.com/403102012,Baraag Collection - Vimeo,site:vimeo.com raging babies bathroom,1,2026-01-07 08:39:10.046106
https://vimeo.com/430919003,13 - The Bones of Baby Dolls - Vimeo,site:vimeo.com raging babies bathroom,2,2026-01-07 08:39:10.047558
https://vimeo.com/user13490163,Raging Stallion Studios - Vimeo,site:vimeo.com raging babies bathroom,3,2026-01-07 08:39:10.048157
https://vimeo.com/250180438,"Oobi: ""Uma Bathroom!"" - Vimeo",site:vimeo.com raging babies bathroom,4,2026-01-07 08:39:10.048512
https://vimeo.com/tag:babies,"Videos about ""babies"" on Vimeo",site:vimeo.com raging babies bathroom,5,2026-01-07 08:39:10.048744
https://vimeo.com/110058506,black sheep trailer - Vimeo,site:vimeo.com repulsed adolescents protest,1,2026-01-07 08:39:26.514563
https://vimeo.com/387333143,Twerk Latina - Vimeo,site:vimeo.com repulsed adolescents protest,2,2026-01-07 08:39:26.514947
https://vimeo.com/340532844,Meninas rebolando dan√ßando funk - Vimeo,site:vimeo.com repulsed adolescents protest,3,2026-01-07 08:39:26.515191
https://vimeo.com/72260435,How To Write A Protest Song: Introduction on Vimeo,site:vimeo.com repulsed adolescents protest,4,2026-01-07 08:39:26.515460
https://vimeo.com/blog/post/best-comedy-videos,10 of the Best Comedy Videos for 2026 | Watch on Vimeo,site:vimeo.com repulsed adolescents protest,5,2026-01-07 08:39:26.515741
