query,url
guilt youth competition,https://videos.pexels.com/video-files/2932301/2932301-hd_2048_1080_24fps.mp4
guilt youth competition,https://videos.pexels.com/video-files/5803068/5803068-hd_1280_720_50fps.mp4
guilt youth competition,https://videos.pexels.com/video-files/6269858/6269858-hd_1280_720_30fps.mp4
guilt youth competition,https://videos.pexels.com/video-files/5275207/5275207-hd_2048_1080_25fps.mp4
guilt youth competition,https://videos.pexels.com/video-files/5275201/5275201-hd_2048_1080_25fps.mp4
guilt youth competition,https://videos.pexels.com/video-files/4842504/4842504-uhd_2732_1440_25fps.mp4
guilt youth competition,https://videos.pexels.com/video-files/4761700/4761700-sd_640_338_25fps.mp4
guilt youth competition,https://videos.pexels.com/video-files/5586705/5586705-hd_1920_1080_25fps.mp4
guilt youth competition,https://videos.pexels.com/video-files/8937707/8937707-sd_960_540_25fps.mp4
guilt youth competition,https://videos.pexels.com/video-files/8940709/8940709-sd_426_240_25fps.mp4
